GENE	EXON	TIER1	TIER2	Transcript		
PIK3CA	1		R38H	NM_006218.2		
PIK3CA	1		R38L			
PIK3CA	1		R38S			
PIK3CA	1		R38C			
PIK3CA	1		E39K			
PIK3CA	1		R88Q			
PIK3CA	1		E110K			
PIK3CA	1		K111N			
PIK3CA	1		K111N			
PIK3CA	1		Q60K			
PIK3CA	1		R93W			
PIK3CA	1		R93Q			
PIK3CA	2					
PIK3CA	3					
PIK3CA	4		N345K			
PIK3CA	4		N345K			
PIK3CA	5					
PIK3CA	6					
PIK3CA	7		E418K			
PIK3CA	7		E453K			
PIK3CA	7		C420R			
PIK3CA	8					
PIK3CA	9	E542K	P539R			
PIK3CA	9	E545Q	E545A			
PIK3CA	9	E545K				
PIK3CA	9	E545G				
PIK3CA	9	E545V				
PIK3CA	9	Q546E				
PIK3CA	9	Q546K				
PIK3CA	9	Q546R				
PIK3CA	9	Q546P				
PIK3CA	10					
PIK3CA	11					
PIK3CA	12					
PIK3CA	13		E726K			
PIK3CA	14					
PIK3CA	15					
PIK3CA	16					
PIK3CA	17					
PIK3CA	18		F909L			
PIK3CA	18		F909L			
PIK3CA	19					
PIK3CA	20	H1047Y	Y1021C			
PIK3CA	20	H1047R	Y1021H			
PIK3CA	20	H1047L	T1025S			
PIK3CA	20	H1047Q	M1043I			
PIK3CA	20	H1047Q	M1043I			
PIK3CA	20		M1043T			
PIK3CA	20		M1043V			
PIK3CA	20		N1044K			
PIK3CA	20		N1044K			
PIK3CA	20		N1044Y			
PIK3CA	20		G1049R			
PIK3CA	20		A1046V			
AKT1	2	E17K		NM_005163.2		
PTEN	1			NM_000314.4		
PTEN	2		Y27D			
PTEN	2		A34D			
PTEN	2		M35R			
PTEN	2		G36R			
PTEN	2		P38S			
PTEN	2		G44D			
PTEN	2		N48K			
PTEN	2		N48K			
PTEN	3		H61D			
PTEN	3		I67R			
PTEN	3		Y68D			
PTEN	3		Y68H			
PTEN	3		L70P			
PTEN	3					
PTEN	3					
PTEN	3					
PTEN	3					
PTEN	3					
PTEN	3					
PTEN	4					
PTEN	5	R130Q	D92A			
PTEN	5	R130G	D92E			
PTEN	5	R130K	D92E			
PTEN	5	R130L	D92G			
PTEN	5	R130P	D92H			
PTEN	5		D92V			
PTEN	5		H93D			
PTEN	5		H93Y			
PTEN	5		P95L			
PTEN	5		P96Q			
PTEN	5		L112P			
PTEN	5		A121E			
PTEN	5		I122S			
PTEN	5		H123D			
PTEN	5		H123Q			
PTEN	5		H123Q			
PTEN	5		H123R			
PTEN	5		C124R			
PTEN	5		C124S			
PTEN	5		K125E			
PTEN	5		A126V			
PTEN	5		G127E			
PTEN	5		G127R			
PTEN	5		K128N			
PTEN	5		G129E			
PTEN	5		G129V			
PTEN	5		G129R			
PTEN	5		T131I			
PTEN	5		G132D			
PTEN	5		G132V			
PTEN	5		C136Y			
PTEN	5		C136R			
PTEN	5		Y155C			
PTEN	5		R159S			
PTEN	6		G165E			
PTEN	6		G165V			
PTEN	6		S170R			
PTEN	6		S170R			
PTEN	6		S170N			
PTEN	6		R173C			
PTEN	6		R173H			
PTEN	6		L181P			
PTEN	7		R234Q			
PTEN	7		F241S			
PTEN	7		D252G			
PTEN	8		K289E			
PTEN	9		V343E			
FGFR2	Exons 1-17		codon: Pro39-Val374			
FGFR2	introns 1, 2, 17, 18		codon: Pro39-Val374			
FGFR2	Exons 1-17		codon: Glu470-Thr786			
FGFR2	introns 1, 2, 17, 18		codon: Glu470-Thr786			
FGFR2	17	E777K		NM_000141.4		
FGFR2	17	T786K				
FGFR2	INTRON 17-18					
FGFR2	16					
FGFR2	15	P708S				
FGFR2	14	R678G				
FGFR2	13	K659E				
FGFR2	13	K659N				
FGFR2	13	K659N				
FGFR2	12	G613V				
FGFR2	11	H544Q 				
FGFR2	11	H544Q 				
FGFR2	11	I547V				
FGFR2	11	N549D				
FGFR2	11	N549K				
FGFR2	11	N549K				
FGFR2	11	N549S				
FGFR2	11	N549Y				
FGFR2	10					
FGFR2	9	E470Q				
FGFR2	9	D471N				
FGFR2	8	Y375C				
FGFR2	8	C382R				
FGFR2	8	V395D				
FGFR2	7b	A315T				
FGFR2	7b	D336N				
FGFR2	7a	S320C		NM_022970.3		
FGFR2	6	S252L				
FGFR2	6	S252W				
FGFR2	6	P253R				
FGFR2	6	D283N				
FGFR2	6	W290C				
FGFR2	6	W290C				
FGFR2	5					
FGFR2	4	N211I				
FGFR2	3	W156*				
FGFR2	2	A97T				
FGFR2	1					
FGFR2	Intron 1-2, ex1					
FGFR3	Exons 1-17		codon: Pro39-Pro372			
FGFR3	introns 16,17		codon: Pro39-Pro372			
FGFR3	Exons 1-17		codon: Ala461-Thr777			
FGFR3	introns 16,17		codon: Ala461-Thr777			
FGFR3	1			NM_000142.4		
FGFR3	2					
FGFR3	3	S131L				
FGFR3	4					
FGFR3	5					
FGFR3	6	R248C				
FGFR3	6	S249C				
FGFR2	7a					
FGFR3	7b			NM_001163213.1		
FGFR3	8	G370C				
FGFR3	8	Y373C				
FGFR3	8	R399C				
FGFR3	9	S433C				
FGFR3	10					
FGFR3	11					
FGFR3	12					
FGFR3	13	D641N				
FGFR3	13	K650E				
FGFR3	13	K650M				
FGFR3	14	V677I				
FGFR3	15	K715M				
FGFR3	16					
FGFR3	INTRON 16-17					
FGFR3	17					
STK11	1		G56V	NM_000455.4		
STK11	1		G56W			
STK11	1		L67P			
STK11	2					
STK11	3					
STK11	4		D176A			
STK11	4		D176H			
STK11	4		D176N			
STK11	4		I177N			
STK11	4		K175_D176del			
STK11	4		N181I			
STK11	4		N181T			
STK11	4		N181Y			
STK11	4		D194H			
STK11	4		D194N			
STK11	4		D194Y			
STK11	5		W239C			
STK11	5		W239C			
STK11	5		G242E			
STK11	5		G242V			
STK11	5		G242W			
STK11	6					
STK11	7		R304W			
STK11	8					
STK11	9					
TSC1	21					
TSC1	20					
TSC1	19		A883T			
TSC1	18					
TSC1	17					
TSC1	16					
TSC1	15					
TSC1	14					
TSC1	13		S487C			
TSC1	12					
TSC1	11					
TSC1	10					
TSC1	9					
TSC1	8					
TSC1	7					
TSC1	6		R246K			
TSC1	6		M224R			
TSC1	5		F216S			
TSC1	5		R204P			
TSC1	5		S201del			
TSC1	5		N198_F199delinsIle			
TSC1	5		N198_F199ins			
TSC1	5		L191R			
TSC1	5		L191H			
TSC1	5		R190P			
TSC1	4		L180P			
TSC1	4		L161R			
TSC1	4		F158S			
TSC1	4		V133F			
TSC1	3		G132D			
TSC1	3		K121R			
TSC1	3		L117P			
TSC1	3		L93R			
TSC1	3		I76N			
TSC1	2		L72P			
TSC1	2		L61P			
TSC1	2		L61R			
TSC1	1		L50P	NM_000368.4		
TSC1	Exons 1-42					
TSC2	2		S30C	NM_000548.3		
TSC2	2		R57H			
TSC2	3		E75G			
TSC2	4		E92V			
TSC2	4		V126F			
TSC2	5		L146R			
TSC2	6		N187I			
TSC2	7					
TSC2	7		L219P			
TSC2	7		V241del			
TSC2	7		C244R			
TSC2	8		R245H			
TSC2	9		R261W			
TSC2	9		V299G			
TSC2	10		W304R			
TSC2	10		A328P			
TSC2	10		V334A			
TSC2	10		L340P			
TSC2	11		R367P			
TSC2	11		L387P			
TSC2	11		L410R			
TSC2	12		A415V			
TSC2	12		L445P			
TSC2	13		L448P			
TSC2	13		R462H			
TSC2	14		L466P			
TSC2	14		L493P			
TSC2	14		R505Q			
TSC2	14		K533N			
TSC2	15		K533N			
TSC2	16		V560M			
TSC2	16	R611Q	L590P			
TSC2	16	R611W	H597Y			
TSC2	16		Y598H			
TSC2	17		A607E			
TSC2	17		R622W			
TSC2	17		R622P			
TSC2	17		D624E			
TSC2	17		D624E			
TSC2	17		D624Y			
TSC2	18		S641I			
TSC2	18		G661S			
TSC2	19		P670L			
TSC2	19		L693P			
TSC2	19		V705M			
TSC2	19		V705E			
TSC2	20		L733P			
TSC2	21		A772E			
TSC2	21		L792P			
TSC2	21		L792R			
TSC2	21		L808S			
TSC2	21		I820del			
TSC2	21		I820del			
TSC2	21		L826P			
TSC2	21		L826M			
TSC2	21		L830R			
TSC2	21		L844R			
TSC2	22		L844P			
TSC2	23					
TSC2	23		F881L			
TSC2	23		F881L			
TSC2	23		A889P			
TSC2	23	R905W	F897S			
TSC2	24		I912T			
TSC2	25		R905Q			
TSC2	26		R905G			
TSC2	27					
TSC2	27		D1028G			
TSC2	27		R1032P			
TSC2	28		L1061P			
TSC2	29		T1068I			
TSC2	29					
TSC2	29					
TSC2	30		V1199G			
TSC2	30		R1200W			
TSC2	30		R1200P			
TSC2	30		R1202H			
TSC2	31		T1203K			
TSC2	32					
TSC2	33					
TSC2	34		A1297T			
TSC2	34		S1341R			
TSC2	34		S1341R			
TSC2	34		R1369W			
TSC2	34		R1409W			
TSC2	35		G1421E			
TSC2	35		Q1503P			
TSC2	36		Q1503P			
TSC2	36		L1534H			
TSC2	36		D1535V			
TSC2	36		D1535A			
TSC2	36		L1548P			
TSC2	36		Y1549C			
TSC2	37		E1552del			
TSC2	37		G1567D			
TSC2	37		G1567V			
TSC2	37		Y1571N			
TSC2	37		L1578P			
TSC2	37		G1596V			
TSC2	38		W1610G			
TSC2	38		H1620R			
TSC2	38		H1620Y			
TSC2	38		T1623I			
TSC2	38		L1624P			
TSC2	38		K1638N			
TSC2	38		K1638N			
TSC2	38		R1639L			
TSC2	38		H1640Y			
TSC2	38		G1642D			
TSC2	38		N1643I			
TSC2	38		N1643H			
TSC2	38		N1643S			
TSC2	38		V1646G			
TSC2	38		Y1650N			
TSC2	38		N1651S			
TSC2	38		S1653P			
TSC2	39		S1653F			
TSC2	39	P1675L	V1673F			
TSC2	39		V1673D			
TSC2	39		T1674P			
TSC2	39		N1681K			
TSC2	39		N1681K			
TSC2	39		Q1686P			
TSC2	40		D1690H			
TSC2	41		P1709L			
TSC2	41		p.A1742_R1743insLI			
TSC2	41	R1743W	p.R1743_K1748del			
TSC2	41	R1743Q	R1743G			
TSC2	41		R1743L			
TSC2	41		L1744P			
TSC2	41		p.R1745_R1753delHIKRLRQ			
TSC2	42		p.R1745_R1753delHIKRLRQ			
TSC2	42		F1806L			
TSC2	42		F1806L			
EGFR	18					
EGFR	18	G719C (TKI sens)	p.V689M (TKI sens)	NM_005228.3		
EGFR	18	G719C (TKI sens)	p.N700D (TKI sens)			
EGFR	18	G719S (TKI sens)	p.E709A (TKI sens)			
EGFR	18	G719A (TKI sens)	p.E709K (TKI sens)			
EGFR	18	G719D (TKI sens)	p.E709Q (TKI sens)			
EGFR	18		p.S720P (TKI sens)			
EGFR	18		p.S720F (TKI sens)			
EGFR	19	types:ins,del				
EGFR	19		p.D761Y (TKI res)			
EGFR	19	p.E746_A750delELREA (TKI sens)	p.L747S			
EGFR	19	p.E746_T751delELREAT (TKI sens)				
EGFR	19	p.E746_A750delinsRP (TKI sens)				
EGFR	19	p.E746_T751delinsA (TKI sens)				
EGFR	19	p.E746_T751delinsI (TKI sens)				
EGFR	19	p.E746_T751delinsVA (TKI sens)				
EGFR	19	p.E746_S752delinsA (TKI sens)				
EGFR	19	p.E746_S752delinsV (TKI sens)				
EGFR	19	p.L747_E749delLRE				
EGFR	19	p.L747_E749delLRE (TKI sens)				
EGFR	19	p.L747_A750delinsP (TKI sens)				
EGFR	19	p.L747_T751delLREAT (TKI sens)				
EGFR	19	p.L747_T751delLREAT				
EGFR	19	p.L747_T751delinsP (TKI sens)				
EGFR	19	p.L747_T751delinsS (TKI sens)						
EGFR	19	p.L747_S752delLREATS (TKI sens)				
EGFR	19	p.L747_S752delLREATS, E746V				
EGFR	19	p.L747_S752delLREATS, P753S				
EGFR	19	p.L747_S752delinsQ (TKI sens)				
EGFR	19	p.L747_P753delinsS (TKI sens)				
EGFR	19	p.L747_P753delLREATSP (TKI sens)				
EGFR	19	p.S752_I759delSPKANKEI (TKI sens)				
EGFR	19	p.I744_K745insKIPVAI (TKI sens)				
EGFR	19	p.K745_E746insVPVAIK (TKI sens)				
EGFR	19	p.I740_P741insIPVAIK (TKI sens)				
EGFR	19	p.E746_S752delELREATS (TKI sens)				
EGFR	19	p.K745_A750delKELREA (TKI sens)				
EGFR	20	T790M	p.N771T (TKI res)			
EGFR	20		p.V769L (TKI res)			
EGFR	20		p.S768I (TKI res)			
EGFR	20		p.D770_N771insNPG (TKI res)			
EGFR	20		p.D770_N771insSVQ (TKI res)			
EGFR	20		p.D770_N771insG  (TKI res)			
EGFR	20		p.A763_Y764insFQEA (TKI sens)			
EGFR	20		p.A767_V769dupASV (TKI res)			
EGFR	20		p.A767_S768insTLA (TKI res)			
EGFR	20		p.D761_E762insEAFQ (TKI res)			
EGFR	20		p.V765A (TKI sens)			
EGFR	20		p.R776C (TKI sens)			
EGFR	20		p.T783A (TKI sens)			
EGFR	20		p.D770_N771insSVD			
EGFR	20		p.V769_D770insASV			
EGFR	20		p.H773_V774insNPH			
EGFR	20		p.D770_N771insGL			
EGFR	20		p.D770_N771insGT			
EGFR	20		p.D770_N771insGD			
EGFR	20		p.D770_N771insGD			
EGFR	20		p.D770_N771insGF			
EGFR	20		p.R776H (TKI sens)			
EGFR	21	L858R (TKI sens)	p.N826S (TKI sens)			
EGFR	21	L861Q (TKI sens)	p.A839T (TKI sens)			
EGFR	21		p.K846R (TKI sens)			
EGFR	21		p.L861R (TKI sens)			
EGFR	21		p.G863D (TKI sens)			
NF1	1			NM_001042492.2		
NF1	2		N45K			
NF1	3		N45K	NM_000267.3		
NF1	4		S82F			
NF1	5					
NF1	6					
NF1	7					
NF1	8					
NF1	9		K354R			
NF1	10		L357P			
NF1	11		N412S			
NF1	11		L414P			
NF1	12					
NF1	13		Y489C			
NF1	14					
NF1	15		L549R			
NF1	15		H553P			
NF1	15		H553R			
NF1	16		L578P			
NF1	16		C582R			
NF1	16		K583R			
NF1	17		G629R			
NF1	18					
NF1	19					
NF1	20					
NF1	21		L844F			
NF1	21		L844P			
NF1	21		L847P			
NF1	22		M991del			
NF1	23					
NF1	24					
NF1	25					
NF1	26					
NF1	27		R1204G			
NF1	27		R1204W			
NF1	28		R1276Q			
NF1	29		L1301R			
NF1	29		T1324N			
NF1	30		E1356G			
NF1	31					
NF1	32		L1411F			
NF1	32		R1412S			
NF1	32		R1412S			
NF1	32		R1412G			
NF1	32		V1419D			
NF1	32		K1444E			
NF1	32		K1444M			
NF1	32		K1444Q			
NF1	32		K1444N			
NF1	32		K1444N			
NF1	33		K1457Q			
NF1	33		E1459del			
NF1	33		R1477M			
NF1	34		S1484F			
NF1	35					
NF1	36		S1599F			
NF1	37					
NF1	38		R1830S			
NF1	38		R1830C			
NF1	38		R1870Q			
NF1	38		R1870L			
NF1	39					
NF1	40					
NF1	41					
NF1	42					
NF1	43					
NF1	44					
NF1	45					
NF1	46					
NF1	47					
NF1	48		N2387_F2388del			
NF1	49					
NF1	50					
NF1	51					
NF1	52					
NF1	53					
NF1	54					
NF1	55					
NF1	56					
NF1	57					
NF1	58					
NRAS	3			NM_002524.4		
NRAS	2	Q61H				
NRAS	2	Q61H				
NRAS	2	Q61K				
NRAS	2	Q61L				
NRAS	2	Q61R				
NRAS	1	G12A				
NRAS	1	G12C				
NRAS	1	G12D				
NRAS	1	G12R				
NRAS	1	G12S				
NRAS	1	G12V				
NRAS	1	G13C				
NRAS	1	G13D				
NRAS	1	G13R				
NRAS	1	G13S				
NRAS	1	G13V				
KRAS	2	codon 12,13,61,68				
KRAS	3	codon 12,13,61,68				
KRAS	4	codon 12,13,61,68				
